{"mean": -8.215990941436166e-19, "std": 1.0000000000000002, "min": -0.5859524393905539, "max": 13.668657905061732}