{"mean": 536330.9213592233, "std": 276426.0491343074, "min": 10.0, "max": 1230000.0}