{"mean": 401814.6285714286, "std": 161458.79375569307, "min": 3703.0, "max": 755000.0}