{"mean": 395724.31640843756, "std": 249282.1177926921, "min": 1.0, "max": 980000.0}