{"mean": 630631.1553398059, "std": 309428.9412202734, "min": 84743.0, "max": 1440636.0}