{"mean": 629402.7107526881, "std": 309693.0998355806, "min": 84743.0, "max": 1440636.0}