{"mean": 527557.2995090017, "std": 308032.62722551444, "min": 1000.0, "max": 1810000.0}