{"mean": 627751.2049356223, "std": 308830.79654737096, "min": 84743.00000000012, "max": 1436025.0}