{"mean": 630014.0387096774, "std": 309316.6584605104, "min": 84742.99999999988, "max": 1440636.0}